1,Thomasina,Blundel,tblundel0@fda.gov,380-514-2602,1,2/28/2023
2,Poul,Mayow,pmayow1@prlog.org,566-505-1791,0,6/21/2023
3,Thomasina,Hagland,thagland2@vkontakte.ru,275-406-1678,1,8/21/2023
4,Dorris,Hedlestone,dhedlestone3@ca.gov,746-554-6010,1,10/18/2023
5,Linell,MacGauhy,lmacgauhy4@tinyurl.com,823-306-8564,1,9/24/2023
6,Ladonna,Barnish,lbarnish5@about.com,813-338-6161,0,3/20/2023
7,Hannie,Rymmer,hrymmer6@slashdot.org,506-966-3172,0,6/6/2023
8,Muhammad,Plane,mplane7@issuu.com,538-643-0022,1,3/28/2023
9,Berkley,Lucian,blucian8@eventbrite.com,600-986-3644,0,10/5/2023
10,Raquel,O'Noland,ronoland9@jugem.jp,478-453-6106,1,4/5/2023
11,Nelia,Essex,nessexa@barnesandnoble.com,145-441-8647,1,1/13/2024
12,Suzie,Nelsen,snelsenb@google.es,750-843-1277,0,9/4/2023
13,Vinny,Cardenosa,vcardenosac@bloomberg.com,404-634-4296,1,10/5/2023
14,Claiborne,Khrishtafovich,ckhrishtafovichd@wunderground.com,565-434-8348,1,3/1/2023
15,Kalindi,Streeten,kstreetene@edublogs.org,925-740-0716,1,8/24/2023
16,Margalit,Oulett,moulettf@bluehost.com,281-537-2537,0,2/27/2023
17,Dacie,Thorne,dthorneg@nytimes.com,192-699-3924,0,8/23/2023
18,Roderich,Richarson,rricharsonh@google.fr,665-585-5647,1,2/11/2024
19,Sada,Brinkman,sbrinkmani@businesswire.com,256-779-4381,0,1/27/2023
20,Ceil,Castagnier,ccastagnierj@disqus.com,932-990-2636,0,2/25/2024
21,Willdon,Cromack,wcromackk@biblegateway.com,980-747-8191,0,3/25/2023
22,Sybil,Curwen,scurwenl@rediff.com,892-514-2190,1,9/24/2023
23,Wilt,Elphinston,welphinstonm@hao123.com,902-802-7656,1,3/2/2023
24,Cordi,Barz,cbarzn@macromedia.com,410-680-6627,1,11/17/2023
25,Tiffany,Rawet,traweto@scientificamerican.com,380-744-0383,1,8/3/2023
26,Mommy,Vellden,mvelldenp@cbsnews.com,282-512-7798,1,3/4/2023
27,Faber,Stoll,fstollq@wp.com,741-922-5625,0,4/3/2023
28,Sandra,Ouslem,souslemr@deliciousdays.com,963-471-9842,0,1/6/2023
29,Cary,Seale,cseales@nature.com,495-692-6156,0,7/15/2023
30,Caril,Laughtisse,claughtisset@canalblog.com,110-763-5015,0,10/17/2023
31,Daryn,Boult,dboultu@desdev.cn,149-117-4607,1,2/24/2024
32,Sallie,Rogers,srogersv@jigsy.com,488-620-1885,1,11/5/2023
33,Sada,Maunsell,smaunsellw@cargocollective.com,171-323-5154,0,2/28/2024
34,Tannie,Pelerin,tpelerinx@360.cn,327-816-4230,1,1/28/2023
35,Kerk,Dabling,kdablingy@google.co.jp,814-743-9493,0,2/15/2024
36,Hillary,McAuslene,hmcauslenez@dell.com,164-425-2430,1,4/15/2023
37,Cody,Padginton,cpadginton10@blogger.com,497-212-9174,0,8/18/2023
38,Jordan,Everill,jeverill11@geocities.jp,212-636-1575,1,1/5/2024
39,Belvia,Butchard,bbutchard12@scribd.com,761-794-0101,0,8/5/2023
40,Farlee,Waliszewski,fwaliszewski13@chicagotribune.com,646-699-7216,0,5/23/2023
41,Lorene,Rubinek,lrubinek14@edublogs.org,545-949-7201,1,5/22/2023
42,Randee,Wiltshire,rwiltshire15@jalbum.net,513-220-6671,1,8/3/2023
43,Sherman,Coalburn,scoalburn16@wikia.com,321-709-7551,1,11/10/2023
44,Tiffani,Dionisi,tdionisi17@networkadvertising.org,793-371-9831,0,4/21/2023
45,Theda,Fourcade,tfourcade18@jigsy.com,596-555-2861,1,9/17/2023
46,Eddi,Dyshart,edyshart19@devhub.com,919-385-4053,0,2/2/2023
47,Miles,Coffelt,mcoffelt1a@themeforest.net,622-712-6647,0,10/24/2023
48,Gerry,Hakey,ghakey1b@behance.net,791-667-7865,1,2/13/2024
49,Micky,Kensy,mkensy1c@ameblo.jp,149-780-8745,0,2/10/2023
50,Carny,MacCaig,cmaccaig1d@bloglovin.com,317-124-7418,0,11/2/2023
51,Chrissie,Simonini,csimonini1e@ning.com,765-398-4845,0,1/9/2024
52,Eileen,Prinett,eprinett1f@go.com,787-578-0311,0,6/9/2023
53,Chadwick,Mirfin,cmirfin1g@salon.com,244-405-4422,1,9/21/2023
54,Angelika,Listone,alistone1h@geocities.com,534-278-3159,0,7/29/2023
55,Wallis,Reuble,wreuble1i@arstechnica.com,637-772-0212,1,2/23/2024
56,Melitta,Badcock,mbadcock1j@google.com.hk,131-411-1204,0,11/29/2023
57,Reynold,Mollnar,rmollnar1k@home.pl,206-489-2864,1,9/23/2023
58,Wilhelmine,Guitonneau,wguitonneau1l@amazon.co.jp,875-449-7977,0,2/13/2023
59,Al,Mechi,amechi1m@reuters.com,682-701-3975,1,1/24/2023
60,Thalia,Druitt,tdruitt1n@de.vu,592-536-5083,0,9/14/2023
61,Verne,MacEllen,vmacellen1o@patch.com,745-157-0772,0,1/14/2023
62,Klaus,Sherburn,ksherburn1p@msu.edu,332-494-7244,1,3/29/2023
63,Quintana,Crake,qcrake1q@independent.co.uk,561-627-9864,0,8/1/2023
64,Kerrill,Collings,kcollings1r@cbsnews.com,573-140-1959,0,2/26/2023
65,Egbert,Duling,eduling1s@si.edu,550-583-3270,0,6/1/2023
66,Ferdie,Lesper,flesper1t@nps.gov,633-684-3871,0,2/9/2023
67,Pammy,Champness,pchampness1u@trellian.com,716-163-7868,1,10/14/2023
68,Kim,Iglesiaz,kiglesiaz1v@behance.net,744-852-5106,0,12/22/2023
69,Sue,Dudny,sdudny1w@berkeley.edu,554-313-3690,0,1/23/2024
70,Bond,Lock,block1x@hibu.com,503-465-9587,1,10/28/2023
71,Charlot,Flather,cflather1y@globo.com,538-321-8515,1,8/12/2023
72,Clio,Wiltshier,cwiltshier1z@nationalgeographic.com,237-352-9455,0,7/4/2023
73,Pennie,Croad,pcroad20@spiegel.de,885-435-0899,0,3/14/2023
74,Erl,Arlow,earlow21@twitpic.com,486-606-1846,0,8/18/2023
75,Garwin,Houchen,ghouchen22@comsenz.com,430-794-2326,0,4/4/2023
76,Tawsha,Jeromson,tjeromson23@google.it,159-747-3740,0,9/30/2023
77,Conchita,Byard,cbyard24@opensource.org,874-767-5913,0,1/6/2024
78,Lanni,Morrill,lmorrill25@java.com,214-646-6877,0,4/1/2023
79,Lay,Zammett,lzammett26@mac.com,715-392-6147,1,12/26/2023
80,Dyann,Ziemens,dziemens27@spotify.com,412-482-8595,1,3/30/2023
81,Douglas,Middlehurst,dmiddlehurst28@mediafire.com,460-909-0700,1,10/15/2023
82,Hy,Klimowski,hklimowski29@shareasale.com,457-968-3893,0,2/20/2024
83,Berkie,Bolan,bbolan2a@eventbrite.com,404-517-9816,1,3/4/2023
84,Suzann,Hollebon,shollebon2b@goo.gl,462-849-8903,0,2/3/2023
85,Winni,Basini-Gazzi,wbasinigazzi2c@fc2.com,341-712-4265,1,2/19/2023
86,Charley,Toplis,ctoplis2d@liveinternet.ru,694-973-5610,0,12/12/2023
87,Ainslie,Schuchmacher,aschuchmacher2e@scribd.com,557-468-8192,0,2/5/2024
88,Helyn,Vasquez,hvasquez2f@t-online.de,343-952-7033,0,8/3/2023
89,Fee,Tiuit,ftiuit2g@tinyurl.com,314-373-1254,0,2/12/2024
90,Penelopa,Guilliatt,pguilliatt2h@mapy.cz,630-368-4026,0,1/16/2023
91,Jenda,Mountain,jmountain2i@biglobe.ne.jp,695-673-0101,1,2/15/2024
92,Vivie,Greenway,vgreenway2j@hp.com,936-775-1709,1,12/23/2023
93,Esma,Orans,eorans2k@sbwire.com,369-197-9572,0,1/14/2023
94,Jade,Finley,jfinley2l@bizjournals.com,533-689-9780,0,1/11/2024
95,Aile,Board,aboard2m@zdnet.com,946-862-0703,1,10/13/2023
96,Bale,Aron,baron2n@msu.edu,720-427-6735,0,10/25/2023
97,Dael,Rathborne,drathborne2o@comcast.net,556-288-0477,0,6/30/2023
98,Germain,Causey,gcausey2p@ustream.tv,703-211-5128,1,1/17/2024
99,Norean,Makin,nmakin2q@vistaprint.com,777-103-4432,1,2/3/2023
100,Gerrard,Presnail,gpresnail2r@phoca.cz,542-225-5050,0,3/9/2023
